{
    "Image": "FiveCylinderRadial.png",
    "Probes": [
	{"Name":"H1",  "XT": 10,"YT":   0,"XP":   0,"YP":  76, "Green": 0, "Yellow":50, "Red":100},
	{"Name":"H2",  "XT": 10,"YT":  20,"XP":  72,"YP":  24, "Green": 0, "Yellow":50, "Red":100},
	{"Name":"H3",  "XT": 10,"YT":  40,"XP":  45,"YP": -62, "Green": 0, "Yellow":50, "Red":100},
	{"Name":"H4",  "XT": 10,"YT":  60,"XP": -45,"YP": -62, "Green": 0, "Yellow":50, "Red":100},
	{"Name":"H5",  "XT": 10,"YT":  80,"XP": -72,"YP":  24, "Green": 0, "Yellow":50, "Red":100},
	{"Name":"E1",  "XT": 10,"YT": 100,"XP":  29,"YP":  53, "Green": 0, "Yellow":50, "Red":100},
	{"Name":"E2",  "XT": 10,"YT": 120,"XP":  59,"YP": -11, "Green": 0, "Yellow":50, "Red":100},
	{"Name":"E3",  "XT": 10,"YT": 140,"XP":   7,"YP": -60, "Green": 0, "Yellow":50, "Red":100}
    ]
}


